{
  "project_info": {
    "project_number": "666806516976",
    "firebase_url": "https://volunteerapp-fe3e8.firebaseio.com",
    "project_id": "volunteerapp-fe3e8",
    "storage_bucket": "volunteerapp-fe3e8.appspot.com"
  },
  "client": [
    {
      "client_info": {
        "mobilesdk_app_id": "1:666806516976:android:fc84b6aa75a1354d0f9635",
        "android_client_info": {
          "package_name": "com.mrpanda2.volunteerapp"
        }
      },
      "oauth_client": [
        {
          "client_id": "666806516976-r4a93jn31k4d2ihb0ikp2dfp1dvi2mvm.apps.googleusercontent.com",
          "client_type": 3
        }
      ],
      "api_key": [
        {
          "current_key": "AIzaSyD5qE3LVYqS7a_CFLzy1jqISGolNxjLQcY"
        }
      ],
      "services": {
        "appinvite_service": {
          "other_platform_oauth_client": [
            {
              "client_id": "666806516976-r4a93jn31k4d2ihb0ikp2dfp1dvi2mvm.apps.googleusercontent.com",
              "client_type": 3
            }
          ]
        }
      }
    }
  ],
  "configuration_version": "1"
}